/*
 Navicat Premium Data Transfer

 Source Server         : localhost
 Source Server Type    : MySQL
 Source Server Version : 50734
 Source Host           : 127.0.0.1:3306
 Source Schema         : lottery

 Target Server Type    : MySQL
 Target Server Version : 50734
 File Encoding         : 65001

 Date: 05/11/2021 14:17:16
*/

SET NAMES utf8mb4;
SET FOREIGN_KEY_CHECKS = 0;

-- ----------------------------
-- Table structure for lt_blackip
-- ----------------------------
DROP TABLE IF EXISTS `lt_blackip`;
CREATE TABLE `lt_blackip`  (
  `id` int(10) UNSIGNED NOT NULL AUTO_INCREMENT,
  `ip` varchar(50) CHARACTER SET utf8 COLLATE utf8_general_ci NOT NULL DEFAULT '' COMMENT 'IP地址',
  `blacktime` int(10) UNSIGNED NOT NULL DEFAULT 0 COMMENT '黑名单限制到期时间',
  `sys_created` int(10) UNSIGNED NOT NULL DEFAULT 0 COMMENT '创建时间',
  `sys_updated` int(10) UNSIGNED NOT NULL DEFAULT 0 COMMENT '修改时间',
  PRIMARY KEY (`id`) USING BTREE,
  UNIQUE INDEX `ip`(`ip`) USING BTREE
) ENGINE = InnoDB AUTO_INCREMENT = 1 CHARACTER SET = utf8 COLLATE = utf8_general_ci ROW_FORMAT = Dynamic;

-- ----------------------------
-- Records of lt_blackip
-- ----------------------------

-- ----------------------------
-- Table structure for lt_code
-- ----------------------------
DROP TABLE IF EXISTS `lt_code`;
CREATE TABLE `lt_code`  (
  `id` int(10) UNSIGNED NOT NULL AUTO_INCREMENT,
  `gift_id` int(10) UNSIGNED NOT NULL DEFAULT 0 COMMENT '奖品ID，关联lt_gift表',
  `code` varchar(255) CHARACTER SET utf8 COLLATE utf8_general_ci NOT NULL DEFAULT '' COMMENT '虚拟券编码',
  `sys_created` int(10) UNSIGNED NOT NULL DEFAULT 0 COMMENT '创建时间',
  `sys_updated` int(10) UNSIGNED NOT NULL DEFAULT 0 COMMENT '更新时间',
  `sys_status` smallint(5) UNSIGNED NOT NULL DEFAULT 0 COMMENT '状态，0正常，1作废，2已发放',
  PRIMARY KEY (`id`) USING BTREE,
  UNIQUE INDEX `code`(`code`) USING BTREE,
  INDEX `gift_id`(`gift_id`) USING BTREE
) ENGINE = InnoDB AUTO_INCREMENT = 8 CHARACTER SET = utf8 COLLATE = utf8_general_ci ROW_FORMAT = Dynamic;

-- ----------------------------
-- Records of lt_code
-- ----------------------------
INSERT INTO `lt_code` VALUES (1, 4, '123', 1635845622, 0, 0);
INSERT INTO `lt_code` VALUES (2, 4, '1231', 1635845622, 0, 0);
INSERT INTO `lt_code` VALUES (3, 4, '12312', 1635845622, 0, 0);
INSERT INTO `lt_code` VALUES (4, 4, '123123', 1635845622, 0, 0);
INSERT INTO `lt_code` VALUES (5, 4, '123123123', 1635845622, 0, 0);
INSERT INTO `lt_code` VALUES (6, 4, '123123123123', 1635845622, 0, 0);
INSERT INTO `lt_code` VALUES (7, 4, '123123123123123', 1635845622, 0, 0);

-- ----------------------------
-- Table structure for lt_gift
-- ----------------------------
DROP TABLE IF EXISTS `lt_gift`;
CREATE TABLE `lt_gift`  (
  `id` int(10) UNSIGNED NOT NULL AUTO_INCREMENT,
  `title` varchar(255) CHARACTER SET utf8 COLLATE utf8_general_ci NOT NULL DEFAULT '' COMMENT '奖品名称',
  `prize_num` int(11) NOT NULL DEFAULT -1 COMMENT '奖品数量，0 无限量，>0限量，<0无奖品',
  `left_num` int(11) NOT NULL DEFAULT 0 COMMENT '剩余数量',
  `prize_code` varchar(50) CHARACTER SET utf8 COLLATE utf8_general_ci NOT NULL DEFAULT '' COMMENT '0-9999表示100%，0-0表示万分之一的中奖概率',
  `prize_time` int(10) UNSIGNED NOT NULL DEFAULT 0 COMMENT '发奖周期，D天',
  `img` varchar(255) CHARACTER SET utf8 COLLATE utf8_general_ci NOT NULL DEFAULT '' COMMENT '奖品图片',
  `displayorder` int(10) UNSIGNED NOT NULL DEFAULT 0 COMMENT '位置序号，小的排在前面',
  `gtype` int(10) UNSIGNED NOT NULL DEFAULT 0 COMMENT '奖品类型，0 虚拟币，1 虚拟券-相同编码，2虚拟券-不同编码，3 实物-小奖 4 实物-大奖',
  `gdata` varchar(255) CHARACTER SET utf8 COLLATE utf8_general_ci NOT NULL DEFAULT '' COMMENT '扩展数据，如：虚拟币数量',
  `time_begin` int(11) NOT NULL DEFAULT 0 COMMENT '开始时间',
  `time_end` int(11) NOT NULL DEFAULT 0 COMMENT '结束时间',
  `prize_data` mediumtext CHARACTER SET utf8 COLLATE utf8_general_ci NULL COMMENT '发奖计划，[[时间1,数量1],[时间2,数量2]]',
  `prize_begin` int(11) NOT NULL DEFAULT 0 COMMENT '发奖计划周期的开始',
  `prize_end` int(11) NOT NULL DEFAULT 0 COMMENT '发奖计划周期的结束',
  `sys_status` smallint(5) UNSIGNED NOT NULL DEFAULT 0 COMMENT '状态，0 正常，1 删除',
  `sys_created` int(10) UNSIGNED NOT NULL DEFAULT 0 COMMENT '创建时间',
  `sys_updated` int(10) UNSIGNED NOT NULL DEFAULT 0 COMMENT '修改时间',
  `sys_ip` varchar(50) CHARACTER SET utf8 COLLATE utf8_general_ci NOT NULL DEFAULT '' COMMENT '操作人IP',
  PRIMARY KEY (`id`) USING BTREE
) ENGINE = InnoDB AUTO_INCREMENT = 5 CHARACTER SET = utf8 COLLATE = utf8_general_ci ROW_FORMAT = Dynamic;

-- ----------------------------
-- Records of lt_gift
-- ----------------------------
INSERT INTO `lt_gift` VALUES (1, 'T恤', 10000, 9990, '1-9999', 1, 'https://p0.ssl.qhmsg.com/t016c44d161c478cfe0.png', 1, 3, '', 1532592420, 1879747620, '[[1636093095,6],[1636093155,4],[1636093215,4],[1636093275,5],[1636093335,5],[1636093395,4],[1636093455,5],[1636093515,4],[1636093575,6],[1636093635,5],[1636093695,6],[1636093755,5],[1636093815,4],[1636093875,4],[1636093935,5],[1636093995,4],[1636094055,4],[1636094115,4],[1636094175,4],[1636094235,5],[1636094295,4],[1636094355,5],[1636094415,4],[1636094475,5],[1636094535,5],[1636094595,5],[1636094655,4],[1636094715,5],[1636094775,5],[1636094835,5],[1636094895,4],[1636094955,4],[1636095015,5],[1636095075,4],[1636095135,4],[1636095195,5],[1636095255,5],[1636095315,6],[1636095375,4],[1636095435,4],[1636095495,4],[1636095555,6],[1636095615,4],[1636095675,4],[1636095735,4],[1636095795,5],[1636095855,4],[1636095915,4],[1636095975,4],[1636096035,5],[1636096095,5],[1636096155,4],[1636096215,5],[1636096275,5],[1636096335,4],[1636096395,4],[1636096455,4],[1636096515,6],[1636096575,7],[1636096635,4],[1636096695,5],[1636096755,6],[1636096815,4],[1636096875,4],[1636096935,4],[1636096995,4],[1636097055,5],[1636097115,4],[1636097175,4],[1636097235,5],[1636097295,4],[1636097355,4],[1636097415,4],[1636097475,5],[1636097535,4],[1636097595,5],[1636097655,7],[1636097715,6],[1636097775,5],[1636097835,5],[1636097895,6],[1636097955,5],[1636098015,5],[1636098075,4],[1636098135,5],[1636098195,5],[1636098255,6],[1636098315,5],[1636098375,5],[1636098435,5],[1636098495,4],[1636098555,5],[1636098615,6],[1636098675,4],[1636098735,4],[1636098795,4],[1636098855,4],[1636098915,5],[1636098975,11],[1636099035,12],[1636099095,11],[1636099155,11],[1636099215,11],[1636099275,11],[1636099335,11],[1636099395,11],[1636099455,11],[1636099515,11],[1636099575,12],[1636099635,11],[1636099695,11],[1636099755,12],[1636099815,12],[1636099875,11],[1636099935,11],[1636099995,11],[1636100055,11],[1636100115,11],[1636100175,11],[1636100235,11],[1636100295,11],[1636100355,12],[1636100415,11],[1636100475,11],[1636100535,11],[1636100595,12],[1636100655,11],[1636100715,11],[1636100775,12],[1636100835,11],[1636100895,12],[1636100955,11],[1636101015,11],[1636101075,12],[1636101135,11],[1636101195,11],[1636101255,11],[1636101315,11],[1636101375,11],[1636101435,11],[1636101495,11],[1636101555,12],[1636101615,11],[1636101675,11],[1636101735,11],[1636101795,11],[1636101855,12],[1636101915,11],[1636101975,11],[1636102035,11],[1636102095,11],[1636102155,11],[1636102215,11],[1636102275,11],[1636102335,11],[1636102395,11],[1636102455,11],[1636102515,13],[1636102575,10],[1636102635,10],[1636102695,10],[1636102755,10],[1636102815,10],[1636102875,10],[1636102935,10],[1636102995,10],[1636103055,11],[1636103115,10],[1636103175,11],[1636103235,10],[1636103295,11],[1636103355,10],[1636103415,10],[1636103475,10],[1636103535,11],[1636103595,10],[1636103655,10],[1636103715,10],[1636103775,10],[1636103835,10],[1636103895,10],[1636103955,10],[1636104015,11],[1636104075,10],[1636104135,10],[1636104195,13],[1636104255,10],[1636104315,10],[1636104375,10],[1636104435,10],[1636104495,10],[1636104555,11],[1636104615,11],[1636104675,11],[1636104735,11],[1636104795,10],[1636104855,10],[1636104915,10],[1636104975,10],[1636105035,10],[1636105095,10],[1636105155,10],[1636105215,12],[1636105275,10],[1636105335,11],[1636105395,11],[1636105455,11],[1636105515,11],[1636105575,10],[1636105635,10],[1636105695,10],[1636105755,11],[1636105815,10],[1636105875,11],[1636105935,10],[1636105995,10],[1636106055,11],[1636106115,10],[1636106175,9],[1636106235,9],[1636106295,9],[1636106355,9],[1636106415,9],[1636106475,10],[1636106535,9],[1636106595,10],[1636106655,10],[1636106715,9],[1636106775,11],[1636106835,10],[1636106895,9],[1636106955,9],[1636107015,10],[1636107075,9],[1636107135,11],[1636107195,9],[1636107255,9],[1636107315,9],[1636107375,10],[1636107435,9],[1636107495,10],[1636107555,10],[1636107615,9],[1636107675,9],[1636107735,9],[1636107795,9],[1636107855,11],[1636107915,9],[1636107975,10],[1636108035,11],[1636108095,9],[1636108155,10],[1636108215,10],[1636108275,9],[1636108335,9],[1636108395,9],[1636108455,9],[1636108515,9],[1636108575,10],[1636108635,11],[1636108695,10],[1636108755,12],[1636108815,12],[1636108875,10],[1636108935,9],[1636108995,10],[1636109055,9],[1636109115,9],[1636109175,9],[1636109235,11],[1636109295,11],[1636109355,9],[1636109415,11],[1636109475,9],[1636109535,11],[1636109595,10],[1636109655,10],[1636109715,9],[1636109775,4],[1636109835,4],[1636109895,4],[1636109955,4],[1636110015,4],[1636110075,4],[1636110135,4],[1636110195,4],[1636110255,4],[1636110315,4],[1636110375,4],[1636110435,4],[1636110495,4],[1636110555,4],[1636110615,4],[1636110675,4],[1636110735,4],[1636110795,4],[1636110855,4],[1636110915,4],[1636110975,4],[1636111035,4],[1636111095,4],[1636111155,4],[1636111215,4],[1636111275,4],[1636111335,4],[1636111395,4],[1636111455,4],[1636111515,4],[1636111575,4],[1636111635,4],[1636111695,4],[1636111755,5],[1636111815,4],[1636111875,4],[1636111935,5],[1636111995,4],[1636112055,4],[1636112115,5],[1636112175,4],[1636112235,4],[1636112295,4],[1636112355,4],[1636112415,4],[1636112475,4],[1636112535,4],[1636112595,4],[1636112655,4],[1636112715,4],[1636112775,4],[1636112835,4],[1636112895,4],[1636112955,4],[1636113015,4],[1636113075,4],[1636113135,4],[1636113195,4],[1636113255,5],[1636113315,4],[1636113375,4],[1636113435,4],[1636113495,4],[1636113555,4],[1636113615,4],[1636113675,4],[1636113735,5],[1636113795,4],[1636113855,4],[1636113915,4],[1636113975,4],[1636114035,4],[1636114095,4],[1636114155,4],[1636114215,4],[1636114275,4],[1636114335,4],[1636114395,4],[1636114455,4],[1636114515,4],[1636114575,4],[1636114635,4],[1636114695,4],[1636114755,4],[1636114815,4],[1636114875,4],[1636114935,4],[1636114995,4],[1636115055,4],[1636115115,4],[1636115175,4],[1636115235,4],[1636115295,4],[1636115355,5],[1636115415,4],[1636115475,4],[1636115535,4],[1636115595,4],[1636115655,4],[1636115715,5],[1636115775,4],[1636115835,4],[1636115895,4],[1636115955,4],[1636116015,4],[1636116075,4],[1636116135,4],[1636116195,4],[1636116255,4],[1636116315,4],[1636116375,4],[1636116435,4],[1636116495,4],[1636116555,4],[1636116615,4],[1636116675,4],[1636116735,4],[1636116795,4],[1636116855,4],[1636116915,4],[1636116975,9],[1636117035,9],[1636117095,9],[1636117155,9],[1636117215,9],[1636117275,9],[1636117335,9],[1636117395,9],[1636117455,9],[1636117515,9],[1636117575,9],[1636117635,9],[1636117695,9],[1636117755,9],[1636117815,9],[1636117875,9],[1636117935,11],[1636117995,10],[1636118055,9],[1636118115,10],[1636118175,9],[1636118235,9],[1636118295,9],[1636118355,10],[1636118415,9],[1636118475,9],[1636118535,9],[1636118595,10],[1636118655,9],[1636118715,9],[1636118775,10],[1636118835,9],[1636118895,9],[1636118955,9],[1636119015,9],[1636119075,9],[1636119135,10],[1636119195,10],[1636119255,10],[1636119315,9],[1636119375,9],[1636119435,9],[1636119495,9],[1636119555,9],[1636119615,9],[1636119675,10],[1636119735,9],[1636119795,9],[1636119855,10],[1636119915,9],[1636119975,9],[1636120035,9],[1636120095,9],[1636120155,9],[1636120215,9],[1636120275,9],[1636120335,9],[1636120395,9],[1636120455,9],[1636120515,9],[1636120575,9],[1636120635,9],[1636120695,9],[1636120755,9],[1636120815,9],[1636120875,9],[1636120935,9],[1636120995,9],[1636121055,9],[1636121115,9],[1636121175,9],[1636121235,9],[1636121295,10],[1636121355,9],[1636121415,9],[1636121475,9],[1636121535,9],[1636121595,9],[1636121655,9],[1636121715,9],[1636121775,9],[1636121835,9],[1636121895,9],[1636121955,9],[1636122015,9],[1636122075,9],[1636122135,9],[1636122195,9],[1636122255,9],[1636122315,9],[1636122375,9],[1636122435,9],[1636122495,10],[1636122555,9],[1636122615,9],[1636122675,9],[1636122735,9],[1636122795,9],[1636122855,9],[1636122915,9],[1636122975,9],[1636123035,9],[1636123095,9],[1636123155,9],[1636123215,10],[1636123275,9],[1636123335,9],[1636123395,9],[1636123455,9],[1636123515,9],[1636123575,10],[1636123635,9],[1636123695,9],[1636123755,9],[1636123815,9],[1636123875,9],[1636123935,9],[1636123995,9],[1636124055,9],[1636124115,9],[1636124175,3],[1636124235,5],[1636124295,3],[1636124355,3],[1636124415,3],[1636124475,4],[1636124535,3],[1636124595,6],[1636124655,5],[1636124715,3],[1636124775,4],[1636124835,4],[1636124895,4],[1636124955,3],[1636125015,3],[1636125075,3],[1636125135,3],[1636125195,3],[1636125255,3],[1636125315,3],[1636125375,3],[1636125435,4],[1636125495,3],[1636125555,5],[1636125615,4],[1636125675,4],[1636125735,4],[1636125795,3],[1636125855,4],[1636125915,3],[1636125975,4],[1636126035,4],[1636126095,3],[1636126155,4],[1636126215,3],[1636126275,4],[1636126335,3],[1636126395,4],[1636126455,3],[1636126515,3],[1636126575,3],[1636126635,3],[1636126695,4],[1636126755,5],[1636126815,3],[1636126875,4],[1636126935,3],[1636126995,4],[1636127055,3],[1636127115,3],[1636127175,4],[1636127235,3],[1636127295,4],[1636127355,4],[1636127415,3],[1636127475,3],[1636127535,5],[1636127595,3],[1636127655,3],[1636127715,3],[1636127775,3],[1636127835,3],[1636127895,5],[1636127955,4],[1636128015,4],[1636128075,4],[1636128135,3],[1636128195,5],[1636128255,5],[1636128315,3],[1636128375,3],[1636128435,3],[1636128495,3],[1636128555,3],[1636128615,3],[1636128675,4],[1636128735,8],[1636128795,5],[1636128855,4],[1636128915,4],[1636128975,3],[1636129035,5],[1636129095,3],[1636129155,3],[1636129215,3],[1636129275,4],[1636129335,3],[1636129395,3],[1636129455,6],[1636129515,3],[1636129575,4],[1636129635,4],[1636129695,3],[1636129755,3],[1636129815,4],[1636129875,3],[1636129935,5],[1636129995,4],[1636130055,3],[1636130115,4],[1636130175,4],[1636130235,6],[1636130295,3],[1636130355,3],[1636130415,5],[1636130475,4],[1636130535,3],[1636130595,4],[1636130655,3],[1636130715,4],[1636130775,4],[1636130835,3],[1636130895,4],[1636130955,3],[1636131015,4],[1636131075,3],[1636131135,3],[1636131195,3],[1636131255,4],[1636131315,3],[1636131375,7],[1636131435,7],[1636131495,7],[1636131555,7],[1636131615,8],[1636131675,8],[1636131735,7],[1636131795,7],[1636131855,7],[1636131915,7],[1636131975,7],[1636132035,7],[1636132095,7],[1636132155,7],[1636132215,7],[1636132275,7],[1636132335,7],[1636132395,7],[1636132455,7],[1636132515,7],[1636132575,7],[1636132635,7],[1636132695,7],[1636132755,7],[1636132815,8],[1636132875,7],[1636132935,7],[1636132995,8],[1636133055,7],[1636133115,8],[1636133175,7],[1636133235,7],[1636133295,7],[1636133355,7],[1636133415,7],[1636133475,7],[1636133535,7],[1636133595,7],[1636133655,7],[1636133715,8],[1636133775,7],[1636133835,7],[1636133895,8],[1636133955,7],[1636134015,7],[1636134075,7],[1636134135,7],[1636134195,7],[1636134255,7],[1636134315,7],[1636134375,7],[1636134435,7],[1636134495,8],[1636134555,8],[1636134615,7],[1636134675,7],[1636134735,7],[1636134795,7],[1636134855,7],[1636134915,7],[1636134975,7],[1636135035,6],[1636135095,6],[1636135155,6],[1636135215,6],[1636135275,6],[1636135335,6],[1636135395,6],[1636135455,7],[1636135515,7],[1636135575,7],[1636135635,6],[1636135695,7],[1636135755,6],[1636135815,8],[1636135875,6],[1636135935,7],[1636135995,7],[1636136055,6],[1636136115,7],[1636136175,7],[1636136235,7],[1636136295,7],[1636136355,8],[1636136415,7],[1636136475,6],[1636136535,7],[1636136595,8],[1636136655,6],[1636136715,7],[1636136775,7],[1636136835,6],[1636136895,8],[1636136955,9],[1636137015,7],[1636137075,6],[1636137135,7],[1636137195,7],[1636137255,8],[1636137315,6],[1636137375,7],[1636137435,6],[1636137495,7],[1636137555,8],[1636137615,7],[1636137675,6],[1636137735,6],[1636137795,7],[1636137855,6],[1636137915,6],[1636137975,7],[1636138035,7],[1636138095,7],[1636138155,7],[1636138215,9],[1636138275,6],[1636138335,6],[1636138395,7],[1636138455,6],[1636138515,8],[1636138575,6],[1636138635,6],[1636138695,7],[1636138755,6],[1636138815,6],[1636138875,6],[1636138935,6],[1636138995,7],[1636139055,7],[1636139115,6],[1636139175,6],[1636139235,6],[1636139295,6],[1636139355,6],[1636139415,6],[1636139475,6],[1636139535,7],[1636139595,6],[1636139655,6],[1636139715,6],[1636139775,6],[1636139835,8],[1636139895,6],[1636139955,6],[1636140015,6],[1636140075,7],[1636140135,6],[1636140195,6],[1636140255,6],[1636140315,6],[1636140375,7],[1636140435,6],[1636140495,6],[1636140555,6],[1636140615,10],[1636140675,6],[1636140735,6],[1636140795,6],[1636140855,6],[1636140915,7],[1636140975,8],[1636141035,7],[1636141095,6],[1636141155,6],[1636141215,6],[1636141275,6],[1636141335,6],[1636141395,8],[1636141455,6],[1636141515,6],[1636141575,6],[1636141635,8],[1636141695,6],[1636141755,6],[1636141815,7],[1636141875,6],[1636141935,6],[1636141995,6],[1636142055,6],[1636142115,6],[1636142175,6],[1636142235,8],[1636142295,6],[1636142355,6],[1636142415,6],[1636142475,6],[1636142535,6],[1636142595,6],[1636142655,6],[1636142715,6],[1636142775,6],[1636142835,7],[1636142895,6],[1636142955,6],[1636143015,6],[1636143075,6],[1636143135,7],[1636143195,7],[1636143255,6],[1636143315,6],[1636143375,6],[1636143435,6],[1636143495,6],[1636143555,6],[1636143615,6],[1636143675,6],[1636143735,7],[1636143795,7],[1636143855,7],[1636143915,6],[1636143975,6],[1636144035,6],[1636144095,6],[1636144155,6],[1636144215,7],[1636144275,6],[1636144335,6],[1636144395,6],[1636144455,6],[1636144515,6],[1636144575,6],[1636144635,6],[1636144695,7],[1636144755,6],[1636144815,6],[1636144875,6],[1636144935,6],[1636144995,6],[1636145055,7],[1636145115,6],[1636145175,6],[1636145235,6],[1636145295,6],[1636145355,7],[1636145415,6],[1636145475,6],[1636145535,6],[1636145595,7],[1636145655,6],[1636145715,6],[1636145775,7],[1636145835,6],[1636145895,6],[1636145955,7],[1636146015,6],[1636146075,6],[1636146135,6],[1636146195,6],[1636146255,7],[1636146315,7],[1636146375,6],[1636146435,7],[1636146495,7],[1636146555,6],[1636146615,6],[1636146675,6],[1636146735,6],[1636146795,6],[1636146855,6],[1636146915,6],[1636146975,7],[1636147035,6],[1636147095,8],[1636147155,6],[1636147215,6],[1636147275,7],[1636147335,6],[1636147395,7],[1636147455,6],[1636147515,7],[1636147575,6],[1636147635,6],[1636147695,6],[1636147755,7],[1636147815,6],[1636147875,6],[1636147935,6],[1636147995,6],[1636148055,6],[1636148115,6],[1636148175,7],[1636148235,6],[1636148295,6],[1636148355,6],[1636148415,7],[1636148475,6],[1636148535,6],[1636148595,6],[1636148655,6],[1636148715,6],[1636148775,6],[1636148835,6],[1636148895,6],[1636148955,6],[1636149015,6],[1636149075,6],[1636149135,7],[1636149195,7],[1636149255,6],[1636149315,6],[1636149375,6],[1636149435,6],[1636149495,6],[1636149555,6],[1636149615,6],[1636149675,6],[1636149735,6],[1636149795,6],[1636149855,6],[1636149915,6],[1636149975,6],[1636150035,6],[1636150095,7],[1636150155,6],[1636150215,6],[1636150275,8],[1636150335,6],[1636150395,6],[1636150455,6],[1636150515,6],[1636150575,6],[1636150635,6],[1636150695,6],[1636150755,6],[1636150815,6],[1636150875,7],[1636150935,6],[1636150995,6],[1636151055,7],[1636151115,6],[1636151175,7],[1636151235,6],[1636151295,6],[1636151355,6],[1636151415,6],[1636151475,7],[1636151535,6],[1636151595,6],[1636151655,6],[1636151715,6],[1636151775,6],[1636151835,6],[1636151895,6],[1636151955,8],[1636152015,6],[1636152075,7],[1636152135,6],[1636152195,6],[1636152255,6],[1636152315,6],[1636152375,7],[1636152435,6],[1636152495,6],[1636152555,7],[1636152615,7],[1636152675,6],[1636152735,6],[1636152795,6],[1636152855,6],[1636152915,6],[1636152975,5],[1636153035,6],[1636153095,5],[1636153155,7],[1636153215,6],[1636153275,7],[1636153335,8],[1636153395,5],[1636153455,6],[1636153515,6],[1636153575,5],[1636153635,5],[1636153695,7],[1636153755,7],[1636153815,8],[1636153875,5],[1636153935,5],[1636153995,6],[1636154055,7],[1636154115,6],[1636154175,5],[1636154235,6],[1636154295,6],[1636154355,5],[1636154415,6],[1636154475,5],[1636154535,5],[1636154595,6],[1636154655,6],[1636154715,6],[1636154775,7],[1636154835,7],[1636154895,5],[1636154955,6],[1636155015,5],[1636155075,6],[1636155135,5],[1636155195,6],[1636155255,6],[1636155315,6],[1636155375,7],[1636155435,7],[1636155495,5],[1636155555,7],[1636155615,7],[1636155675,8],[1636155735,6],[1636155795,5],[1636155855,6],[1636155915,6],[1636155975,5],[1636156035,5],[1636156095,5],[1636156155,8],[1636156215,5],[1636156275,6],[1636156335,6],[1636156395,5],[1636156455,7],[1636156515,6],[1636156575,5],[1636156635,7],[1636156695,6],[1636156755,6],[1636156815,6],[1636156875,5],[1636156935,5],[1636156995,5],[1636157055,6],[1636157115,6],[1636157175,6],[1636157235,6],[1636157295,6],[1636157355,5],[1636157415,5],[1636157475,5],[1636157535,6],[1636157595,6],[1636157655,6],[1636157715,8],[1636157775,6],[1636157835,5],[1636157895,6],[1636157955,6],[1636158015,5],[1636158075,7],[1636158135,5],[1636158195,5],[1636158255,6],[1636158315,7],[1636158375,6],[1636158435,6],[1636158495,5],[1636158555,6],[1636158615,6],[1636158675,5],[1636158735,5],[1636158795,7],[1636158855,5],[1636158915,7],[1636158975,6],[1636159035,5],[1636159095,7],[1636159155,6],[1636159215,7],[1636159275,8],[1636159335,6],[1636159395,5],[1636159455,5],[1636159515,5],[1636159575,5],[1636159635,9],[1636159695,5],[1636159755,5],[1636159815,5],[1636159875,5],[1636159935,5],[1636159995,6],[1636160055,7],[1636160115,5],[1636160175,5],[1636160235,6],[1636160295,6],[1636160355,6],[1636160415,5],[1636160475,7],[1636160535,5],[1636160595,5],[1636160655,5],[1636160715,6],[1636160775,5],[1636160835,5],[1636160895,5],[1636160955,5],[1636161015,5],[1636161075,5],[1636161135,5],[1636161195,5],[1636161255,8],[1636161315,7],[1636161375,6],[1636161435,5],[1636161495,6],[1636161555,5],[1636161615,6],[1636161675,6],[1636161735,6],[1636161795,6],[1636161855,9],[1636161915,6],[1636161975,5],[1636162035,5],[1636162095,5],[1636162155,5],[1636162215,6],[1636162275,5],[1636162335,6],[1636162395,5],[1636162455,6],[1636162515,5],[1636162575,7],[1636162635,5],[1636162695,7],[1636162755,7],[1636162815,8],[1636162875,6],[1636162935,5],[1636162995,5],[1636163055,8],[1636163115,6],[1636163175,6],[1636163235,5],[1636163295,5],[1636163355,6],[1636163415,6],[1636163475,5],[1636163535,7],[1636163595,7],[1636163655,6],[1636163715,5],[1636163775,13],[1636163835,13],[1636163895,13],[1636163955,13],[1636164015,13],[1636164075,13],[1636164135,13],[1636164195,13],[1636164255,13],[1636164315,13],[1636164375,13],[1636164435,13],[1636164495,13],[1636164555,13],[1636164615,13],[1636164675,14],[1636164735,13],[1636164795,13],[1636164855,13],[1636164915,13],[1636164975,14],[1636165035,14],[1636165095,13],[1636165155,13],[1636165215,14],[1636165275,14],[1636165335,13],[1636165395,13],[1636165455,13],[1636165515,14],[1636165575,13],[1636165635,13],[1636165695,13],[1636165755,13],[1636165815,13],[1636165875,13],[1636165935,13],[1636165995,14],[1636166055,13],[1636166115,13],[1636166175,14],[1636166235,13],[1636166295,13],[1636166355,13],[1636166415,14],[1636166475,13],[1636166535,13],[1636166595,13],[1636166655,14],[1636166715,13],[1636166775,13],[1636166835,13],[1636166895,14],[1636166955,13],[1636167015,13],[1636167075,13],[1636167135,13],[1636167195,14],[1636167255,13],[1636167315,13],[1636167375,12],[1636167435,13],[1636167495,13],[1636167555,12],[1636167615,12],[1636167675,12],[1636167735,12],[1636167795,12],[1636167855,12],[1636167915,12],[1636167975,13],[1636168035,12],[1636168095,14],[1636168155,12],[1636168215,12],[1636168275,15],[1636168335,13],[1636168395,12],[1636168455,12],[1636168515,13],[1636168575,13],[1636168635,13],[1636168695,12],[1636168755,12],[1636168815,12],[1636168875,12],[1636168935,12],[1636168995,12],[1636169055,12],[1636169115,13],[1636169175,12],[1636169235,12],[1636169295,13],[1636169355,12],[1636169415,14],[1636169475,12],[1636169535,12],[1636169595,12],[1636169655,12],[1636169715,12],[1636169775,13],[1636169835,13],[1636169895,12],[1636169955,13],[1636170015,13],[1636170075,12],[1636170135,12],[1636170195,12],[1636170255,12],[1636170315,12],[1636170375,13],[1636170435,12],[1636170495,12],[1636170555,13],[1636170615,12],[1636170675,12],[1636170735,14],[1636170795,12],[1636170855,12],[1636170915,12],[1636170975,5],[1636171035,6],[1636171095,6],[1636171155,5],[1636171215,6],[1636171275,5],[1636171335,5],[1636171395,5],[1636171455,5],[1636171515,7],[1636171575,6],[1636171635,5],[1636171695,5],[1636171755,5],[1636171815,5],[1636171875,6],[1636171935,5],[1636171995,5],[1636172055,6],[1636172115,5],[1636172175,5],[1636172235,5],[1636172295,5],[1636172355,5],[1636172415,6],[1636172475,5],[1636172535,5],[1636172595,6],[1636172655,5],[1636172715,5],[1636172775,5],[1636172835,6],[1636172895,5],[1636172955,5],[1636173015,6],[1636173075,5],[1636173135,6],[1636173195,5],[1636173255,7],[1636173315,5],[1636173375,5],[1636173435,6],[1636173495,5],[1636173555,6],[1636173615,5],[1636173675,5],[1636173735,5],[1636173795,5],[1636173855,5],[1636173915,6],[1636173975,5],[1636174035,5],[1636174095,5],[1636174155,5],[1636174215,5],[1636174275,6],[1636174335,5],[1636174395,6],[1636174455,5],[1636174515,5],[1636174575,6],[1636174635,7],[1636174695,4],[1636174755,6],[1636174815,5],[1636174875,5],[1636174935,5],[1636174995,5],[1636175055,4],[1636175115,6],[1636175175,5],[1636175235,6],[1636175295,6],[1636175355,6],[1636175415,4],[1636175475,6],[1636175535,4],[1636175595,4],[1636175655,5],[1636175715,5],[1636175775,4],[1636175835,4],[1636175895,4],[1636175955,4],[1636176015,5],[1636176075,4],[1636176135,5],[1636176195,5],[1636176255,4],[1636176315,5],[1636176375,4],[1636176435,4],[1636176495,7],[1636176555,6],[1636176615,4],[1636176675,5],[1636176735,4],[1636176795,4],[1636176855,6],[1636176915,6],[1636176975,6],[1636177035,5],[1636177095,5],[1636177155,4],[1636177215,4],[1636177275,5],[1636177335,4],[1636177395,5],[1636177455,4],[1636177515,5],[1636177575,5],[1636177635,6],[1636177695,6],[1636177755,6],[1636177815,4],[1636177875,4],[1636177935,4],[1636177995,5],[1636178055,4],[1636178115,4]]', 1636091775, 1636178175, 0, 1532592429, 1636091775, '::1');
INSERT INTO `lt_gift` VALUES (2, '360手机N7', 1000, 1000, '0-0', 1, 'https://p0.ssl.qhmsg.com/t016ff98b934914aca6.png', 0, 4, '', 1532592420, 1879747620, NULL, 1636089525, 1636175925, 1, 1532592474, 1636089525, '');
INSERT INTO `lt_gift` VALUES (3, '手机充电器', 10000, 10000, '200-1000', 30, 'https://p0.ssl.qhmsg.com/t01ec4648d396ad46bf.png', 3, 2, '', 1532592420, 1879747620, NULL, 1636087180, 1638679180, 1, 1532592558, 1636087180, '::1');
INSERT INTO `lt_gift` VALUES (4, '优惠券', 10000, 9998, '9999-9999', 1, 'https://p0.ssl.qhmsg.com/t01f84f00d294279957.png', 4, 1, '', 1532592420, 1879747620, NULL, 1636087180, 1636173580, 1, 1532599140, 1636088447, '::1');

-- ----------------------------
-- Table structure for lt_result
-- ----------------------------
DROP TABLE IF EXISTS `lt_result`;
CREATE TABLE `lt_result`  (
  `id` int(10) UNSIGNED NOT NULL AUTO_INCREMENT,
  `gift_id` int(10) UNSIGNED NOT NULL DEFAULT 0 COMMENT '奖品ID，关联lt_gift表',
  `gift_name` varchar(255) CHARACTER SET utf8 COLLATE utf8_general_ci NOT NULL DEFAULT '' COMMENT '奖品名称',
  `gift_type` int(10) UNSIGNED NOT NULL DEFAULT 0 COMMENT '奖品类型，同lt_gift. gtype',
  `uid` int(10) UNSIGNED NOT NULL DEFAULT 0 COMMENT '用户ID',
  `username` varchar(50) CHARACTER SET utf8 COLLATE utf8_general_ci NOT NULL DEFAULT '' COMMENT '用户名',
  `prize_code` int(10) UNSIGNED NOT NULL DEFAULT 0 COMMENT '抽奖编号（4位的随机数）',
  `gift_data` varchar(255) CHARACTER SET utf8 COLLATE utf8_general_ci NOT NULL DEFAULT '' COMMENT '获奖信息',
  `sys_created` int(10) UNSIGNED NOT NULL DEFAULT 0 COMMENT '创建时间',
  `sys_ip` varchar(50) CHARACTER SET utf8 COLLATE utf8_general_ci NOT NULL DEFAULT '' COMMENT '用户抽奖的IP',
  `sys_status` smallint(5) UNSIGNED NOT NULL DEFAULT 0 COMMENT '状态，0 正常，1删除，2作弊',
  PRIMARY KEY (`id`) USING BTREE,
  INDEX `uid`(`uid`) USING BTREE,
  INDEX `gift_id`(`gift_id`) USING BTREE
) ENGINE = InnoDB AUTO_INCREMENT = 87 CHARACTER SET = utf8 COLLATE = utf8_general_ci ROW_FORMAT = Dynamic;

-- ----------------------------
-- Records of lt_result
-- ----------------------------
INSERT INTO `lt_result` VALUES (2, 4, '优惠券', 1, 44898, 'admin-44898', 9955, '', 1635845513, '::1', 0);
INSERT INTO `lt_result` VALUES (3, 4, '优惠券', 1, 44898, 'admin-44898', 6281, '', 1635845557, '::1', 0);
INSERT INTO `lt_result` VALUES (4, 4, '优惠券', 1, 44898, 'admin-44898', 5048, '', 1635845628, '::1', 0);
INSERT INTO `lt_result` VALUES (5, 4, '优惠券', 1, 44898, 'admin-44898', 7129, '', 1635845704, '::1', 0);
INSERT INTO `lt_result` VALUES (6, 4, '优惠券', 1, 44898, 'admin-44898', 1763, '', 1635845706, '::1', 0);
INSERT INTO `lt_result` VALUES (7, 4, '优惠券', 1, 44898, 'admin-44898', 6137, '', 1635845706, '::1', 0);
INSERT INTO `lt_result` VALUES (8, 4, '优惠券', 1, 44898, 'admin-44898', 3450, '', 1635845707, '::1', 0);
INSERT INTO `lt_result` VALUES (9, 4, '优惠券', 1, 44898, 'admin-44898', 9464, '', 1635845708, '::1', 0);
INSERT INTO `lt_result` VALUES (10, 4, '优惠券', 1, 44898, 'admin-44898', 4285, '', 1635845708, '::1', 0);
INSERT INTO `lt_result` VALUES (11, 4, '优惠券', 1, 44898, 'admin-44898', 3975, '', 1635845709, '::1', 0);
INSERT INTO `lt_result` VALUES (12, 4, '优惠券', 1, 44898, 'admin-44898', 3883, '', 1635845709, '::1', 0);
INSERT INTO `lt_result` VALUES (13, 4, '优惠券', 1, 44898, 'admin-44898', 3393, '', 1635845948, '::1', 0);
INSERT INTO `lt_result` VALUES (14, 4, '优惠券', 1, 44898, 'admin-44898', 3691, '', 1635845949, '::1', 0);
INSERT INTO `lt_result` VALUES (15, 4, '优惠券', 1, 44898, 'admin-44898', 5113, '', 1635845951, '::1', 0);
INSERT INTO `lt_result` VALUES (16, 4, '优惠券', 1, 44898, 'admin-44898', 1234, '', 1635845951, '::1', 0);
INSERT INTO `lt_result` VALUES (17, 4, '优惠券', 1, 44898, 'admin-44898', 2013, '', 1635845952, '::1', 0);
INSERT INTO `lt_result` VALUES (18, 4, '优惠券', 1, 44898, 'admin-44898', 4926, '', 1635846121, '::1', 0);
INSERT INTO `lt_result` VALUES (19, 4, '优惠券', 1, 44898, 'admin-44898', 9361, '', 1635846122, '::1', 0);
INSERT INTO `lt_result` VALUES (20, 4, '优惠券', 1, 44898, 'admin-44898', 8381, '', 1635846122, '::1', 0);
INSERT INTO `lt_result` VALUES (21, 4, '优惠券', 1, 44898, 'admin-44898', 2262, '', 1635846123, '::1', 0);
INSERT INTO `lt_result` VALUES (22, 4, '优惠券', 1, 44898, 'admin-44898', 6518, '', 1635846123, '::1', 0);
INSERT INTO `lt_result` VALUES (23, 4, '优惠券', 1, 44898, 'admin-44898', 7265, '', 1635846123, '::1', 0);
INSERT INTO `lt_result` VALUES (24, 4, '优惠券', 1, 44898, 'admin-44898', 7614, '', 1635846124, '::1', 0);
INSERT INTO `lt_result` VALUES (25, 4, '优惠券', 1, 44898, 'admin-44898', 7025, '', 1635846125, '::1', 0);
INSERT INTO `lt_result` VALUES (26, 4, '优惠券', 1, 44898, 'admin-44898', 7469, '', 1635846125, '::1', 0);
INSERT INTO `lt_result` VALUES (27, 4, '优惠券', 1, 44898, 'admin-44898', 2499, '', 1635846125, '::1', 0);
INSERT INTO `lt_result` VALUES (28, 4, '优惠券', 1, 44898, 'admin-44898', 1760, '', 1635846126, '::1', 0);
INSERT INTO `lt_result` VALUES (29, 4, '优惠券', 1, 44898, 'admin-44898', 4754, '', 1635846126, '::1', 0);
INSERT INTO `lt_result` VALUES (30, 4, '优惠券', 1, 44898, 'admin-44898', 7138, '', 1635846126, '::1', 0);
INSERT INTO `lt_result` VALUES (31, 4, '优惠券', 1, 44898, 'admin-44898', 4007, '', 1635846147, '::1', 0);
INSERT INTO `lt_result` VALUES (32, 4, '优惠券', 1, 44898, 'admin-44898', 3859, '', 1635846147, '::1', 0);
INSERT INTO `lt_result` VALUES (33, 4, '优惠券', 1, 44898, 'admin-44898', 8072, '', 1635846148, '::1', 0);
INSERT INTO `lt_result` VALUES (34, 4, '优惠券', 1, 44898, 'admin-44898', 5072, '', 1635846148, '::1', 0);
INSERT INTO `lt_result` VALUES (35, 4, '优惠券', 1, 44898, 'admin-44898', 5852, '', 1635846148, '::1', 0);
INSERT INTO `lt_result` VALUES (36, 4, '优惠券', 1, 44898, 'admin-44898', 5941, '', 1635846148, '::1', 0);
INSERT INTO `lt_result` VALUES (37, 4, '优惠券', 1, 44898, 'admin-44898', 2879, '', 1635846149, '::1', 0);
INSERT INTO `lt_result` VALUES (38, 4, '优惠券', 1, 44898, 'admin-44898', 5976, '', 1635846149, '::1', 0);
INSERT INTO `lt_result` VALUES (39, 4, '优惠券', 1, 44898, 'admin-44898', 3191, '', 1635846159, '::1', 0);
INSERT INTO `lt_result` VALUES (40, 4, '优惠券', 1, 44898, 'admin-44898', 5333, '', 1635846160, '::1', 0);
INSERT INTO `lt_result` VALUES (41, 4, '优惠券', 1, 44898, 'admin-44898', 9096, '', 1635846160, '::1', 0);
INSERT INTO `lt_result` VALUES (42, 4, '优惠券', 1, 44898, 'admin-44898', 3943, '', 1635846160, '::1', 0);
INSERT INTO `lt_result` VALUES (43, 4, '优惠券', 1, 44898, 'admin-44898', 5623, '', 1635846161, '::1', 0);
INSERT INTO `lt_result` VALUES (44, 4, '优惠券', 1, 44898, 'admin-44898', 4782, '', 1635846161, '::1', 0);
INSERT INTO `lt_result` VALUES (45, 4, '优惠券', 1, 44898, 'admin-44898', 6108, '', 1635846162, '::1', 0);
INSERT INTO `lt_result` VALUES (46, 4, '优惠券', 1, 44898, 'admin-44898', 1890, '', 1635846162, '::1', 0);
INSERT INTO `lt_result` VALUES (47, 4, '优惠券', 1, 44898, 'admin-44898', 1642, '', 1635846163, '::1', 0);
INSERT INTO `lt_result` VALUES (48, 4, '优惠券', 1, 44898, 'admin-44898', 6756, '', 1635846163, '::1', 0);
INSERT INTO `lt_result` VALUES (49, 4, '优惠券', 1, 44898, 'admin-44898', 7261, '', 1635846164, '::1', 0);
INSERT INTO `lt_result` VALUES (50, 4, '优惠券', 1, 44898, 'admin-44898', 2514, '', 1635846164, '::1', 0);
INSERT INTO `lt_result` VALUES (51, 4, '优惠券', 1, 44898, 'admin-44898', 5818, '', 1635846165, '::1', 0);
INSERT INTO `lt_result` VALUES (52, 4, '优惠券', 1, 44898, 'admin-44898', 1691, '', 1635846165, '::1', 0);
INSERT INTO `lt_result` VALUES (53, 4, '优惠券', 1, 44898, 'admin-44898', 7160, '', 1635846166, '::1', 0);
INSERT INTO `lt_result` VALUES (54, 4, '优惠券', 1, 44898, 'admin-44898', 5475, '', 1635846166, '::1', 0);
INSERT INTO `lt_result` VALUES (55, 4, '优惠券', 1, 44898, 'admin-44898', 2156, '', 1635846194, '::1', 0);
INSERT INTO `lt_result` VALUES (56, 4, '优惠券', 1, 44898, 'admin-44898', 8141, '', 1635846195, '::1', 0);
INSERT INTO `lt_result` VALUES (57, 4, '优惠券', 1, 44898, 'admin-44898', 2693, '', 1635846195, '::1', 0);
INSERT INTO `lt_result` VALUES (58, 4, '优惠券', 1, 44898, 'admin-44898', 8461, '', 1635846196, '::1', 0);
INSERT INTO `lt_result` VALUES (59, 4, '优惠券', 1, 44898, 'admin-44898', 5687, '', 1635846197, '::1', 0);
INSERT INTO `lt_result` VALUES (60, 4, '优惠券', 1, 44898, 'admin-44898', 5793, '', 1635846198, '::1', 0);
INSERT INTO `lt_result` VALUES (61, 4, '优惠券', 1, 44898, 'admin-44898', 3015, '', 1635846199, '::1', 0);
INSERT INTO `lt_result` VALUES (62, 4, '优惠券', 1, 44898, 'admin-44898', 3737, '', 1635846199, '::1', 0);
INSERT INTO `lt_result` VALUES (63, 4, '优惠券', 1, 44898, 'admin-44898', 7933, '', 1635846200, '::1', 0);
INSERT INTO `lt_result` VALUES (64, 4, '优惠券', 1, 44898, 'admin-44898', 8075, '', 1635846200, '::1', 0);
INSERT INTO `lt_result` VALUES (65, 4, '优惠券', 1, 44898, 'admin-44898', 8909, '', 1635846201, '::1', 0);
INSERT INTO `lt_result` VALUES (66, 4, '优惠券', 1, 44898, 'admin-44898', 1615, '', 1635846201, '::1', 0);
INSERT INTO `lt_result` VALUES (67, 4, '优惠券', 1, 44898, 'admin-44898', 2443, '', 1635846201, '::1', 0);
INSERT INTO `lt_result` VALUES (68, 4, '优惠券', 1, 44898, 'admin-44898', 9269, '', 1635846202, '::1', 0);
INSERT INTO `lt_result` VALUES (69, 4, '优惠券', 1, 44898, 'admin-44898', 1407, '', 1635846202, '::1', 0);
INSERT INTO `lt_result` VALUES (70, 4, '优惠券', 1, 44898, 'admin-44898', 3367, '', 1635846203, '::1', 0);
INSERT INTO `lt_result` VALUES (71, 4, '优惠券', 1, 44898, 'admin-44898', 2495, '', 1635846203, '::1', 0);
INSERT INTO `lt_result` VALUES (72, 4, '优惠券', 1, 44898, 'admin-44898', 7952, '', 1635846203, '::1', 0);
INSERT INTO `lt_result` VALUES (73, 4, '优惠券', 1, 44898, 'admin-44898', 9018, '', 1635846204, '::1', 0);
INSERT INTO `lt_result` VALUES (74, 4, '优惠券', 1, 44898, 'admin-44898', 2076, '', 1635846204, '::1', 0);
INSERT INTO `lt_result` VALUES (75, 4, '优惠券', 1, 44898, 'admin-44898', 8466, '', 1635846204, '::1', 0);
INSERT INTO `lt_result` VALUES (76, 4, '优惠券', 1, 44898, 'admin-44898', 9554, '', 1635846205, '::1', 0);
INSERT INTO `lt_result` VALUES (77, 4, '优惠券', 1, 44898, 'admin-44898', 1242, '', 1635846205, '::1', 0);
INSERT INTO `lt_result` VALUES (78, 4, '优惠券', 1, 44898, 'admin-44898', 3253, '', 1635846205, '::1', 0);
INSERT INTO `lt_result` VALUES (79, 4, '优惠券', 1, 44898, 'admin-44898', 6908, '', 1635846206, '::1', 0);
INSERT INTO `lt_result` VALUES (80, 4, '优惠券', 1, 44898, 'admin-44898', 8937, '', 1635931807, '::1', 0);
INSERT INTO `lt_result` VALUES (81, 4, '优惠券', 1, 44898, 'admin-44898', 6925, '', 1636088332, '::1', 0);
INSERT INTO `lt_result` VALUES (82, 4, '优惠券', 1, 44898, 'admin-44898', 4677, '', 1636088340, '::1', 0);
INSERT INTO `lt_result` VALUES (83, 1, 'T恤', 3, 44898, 'admin-44898', 4924, '', 1636092990, '::1', 0);
INSERT INTO `lt_result` VALUES (84, 1, 'T恤', 3, 44898, 'admin-44898', 2835, '', 1636092995, '::1', 0);
INSERT INTO `lt_result` VALUES (85, 1, 'T恤', 3, 44898, 'admin-44898', 7028, '', 1636093005, '::1', 0);
INSERT INTO `lt_result` VALUES (86, 1, 'T恤', 3, 44898, 'admin-44898', 4289, '', 1636093013, '::1', 0);

-- ----------------------------
-- Table structure for lt_user
-- ----------------------------
DROP TABLE IF EXISTS `lt_user`;
CREATE TABLE `lt_user`  (
  `id` int(10) UNSIGNED NOT NULL AUTO_INCREMENT,
  `username` varchar(50) CHARACTER SET utf8 COLLATE utf8_general_ci NOT NULL DEFAULT '' COMMENT '用户名',
  `blacktime` int(10) UNSIGNED NOT NULL DEFAULT 0 COMMENT '黑名单限制到期时间',
  `realname` varchar(50) CHARACTER SET utf8 COLLATE utf8_general_ci NOT NULL DEFAULT '' COMMENT '联系人',
  `mobile` varchar(50) CHARACTER SET utf8 COLLATE utf8_general_ci NOT NULL DEFAULT '' COMMENT '手机号',
  `address` varchar(255) CHARACTER SET utf8 COLLATE utf8_general_ci NOT NULL DEFAULT '' COMMENT '联系地址',
  `sys_created` int(10) UNSIGNED NOT NULL DEFAULT 0 COMMENT '创建时间',
  `sys_updated` int(10) UNSIGNED NOT NULL DEFAULT 0 COMMENT '修改时间',
  `sys_ip` varchar(50) CHARACTER SET utf8 COLLATE utf8_general_ci NOT NULL DEFAULT '' COMMENT 'IP地址',
  PRIMARY KEY (`id`) USING BTREE
) ENGINE = InnoDB AUTO_INCREMENT = 2 CHARACTER SET = utf8 COLLATE = utf8_general_ci ROW_FORMAT = Dynamic;

-- ----------------------------
-- Records of lt_user
-- ----------------------------
INSERT INTO `lt_user` VALUES (1, 'wangyi', 0, '一凡Sir', '11111111111', 'abcdefg', 0, 1636091397, '');

-- ----------------------------
-- Table structure for lt_userday
-- ----------------------------
DROP TABLE IF EXISTS `lt_userday`;
CREATE TABLE `lt_userday`  (
  `id` int(10) UNSIGNED NOT NULL AUTO_INCREMENT,
  `uid` int(10) UNSIGNED NOT NULL DEFAULT 0 COMMENT '用户ID',
  `day` int(10) UNSIGNED NOT NULL DEFAULT 0 COMMENT '日期，如：20180725',
  `num` int(10) UNSIGNED NOT NULL DEFAULT 0 COMMENT '次数',
  `sys_created` int(10) UNSIGNED NOT NULL DEFAULT 0 COMMENT '创建时间',
  `sys_updated` int(10) UNSIGNED NOT NULL DEFAULT 0 COMMENT '修改时间',
  PRIMARY KEY (`id`) USING BTREE,
  UNIQUE INDEX `uid_day`(`uid`, `day`) USING BTREE
) ENGINE = InnoDB AUTO_INCREMENT = 6 CHARACTER SET = utf8 COLLATE = utf8_general_ci ROW_FORMAT = Dynamic;

-- ----------------------------
-- Records of lt_userday
-- ----------------------------
INSERT INTO `lt_userday` VALUES (3, 44898, 20211102, 126, 1635843720, 0);
INSERT INTO `lt_userday` VALUES (4, 44898, 20211103, 1, 1635931807, 0);
INSERT INTO `lt_userday` VALUES (5, 44898, 20211105, 54, 1636088332, 0);

SET FOREIGN_KEY_CHECKS = 1;
